{"inference_years_range": [2019, 2020, 2021, 2022, 2023], "bands_order": ["Elevation", "LAI", "LST", "MODIS_NPP", "SoilEvaporation", "TotalEvapotranspiration"], "normalization_statistics": {"LST": {"mean": 14376.5341796875, "std": 136.1621551513672}, "MODIS_NPP": {"mean": 3915.517822265625, "std": 10055.5634765625}, "TotalEvapotranspiration": {"mean": 120.5914306640625, "std": 18.143165588378906}}}